Product Name,Predicted Category
Pork Ribs,Pork
Pork Spareribs,Pork
Ground Turkey,"Turkey, duck, other poultry"
Eggs,Eggs and omelets
Candy Variety Pack,Candy not containing chocolate
Soda,Soft drinks
Protein Bars,Nutrition bars
Kombucha,Nutritional beverages
Fruit Snacks,
Microwave Popcorn,Popcorn
Halloween Candy,
Yogurt Pouches,"Yogurt, regular"
Yogurt Smoothies,
Sparkling Probiotic,Nutritional beverages
Baby Back Ribs,Pork
Charcoal Briquettes,Not included in a food category
Hot Dog Buns,Rolls and buns
Smoked Sausage,Sausages
Lemon Lime Soda,Soft drinks
Turkey Sausage Sticks,Processed soy products
Drinking Water,Bottled water
Candy Variety Mix,Candy not containing chocolate
Breakfast Sausage,Processed soy products
Ketchup,Tomato-based condiments
Chicken Drumsticks,"Chicken, whole pieces"
Hot Dogs,Frankfurters
Frozen Pizza,Pizza
Strawberry Syrup,"Jams, syrups, toppings"
Mushrooms,Other vegetables and combinations
Breakfast Cup,Not included in a food category
Licorice Candy,Candy not containing chocolate
Merchandise,Not included in a food category
Chocolate Syrup,"Jams, syrups, toppings"
Frozen Vegetables,Other vegetables and combinations
Candy Corn,
Turkey Breast,Deli and cured meat sandwiches
Potato Snacks,Potato chips
Candy Variety Bag,Candy not containing chocolate
Alcoholic Beverage,"Beer
Wine
Liquor and cocktails"
Ground Beef,Ground beef
Bacon,Cold cuts and cured meats
Lollipops,Candy not containing chocolate
Margarita Cocktail,Liquor and cocktails
Candy Bars,Candy not containing chocolate
Margarita Wine Cocktail,Liquor and cocktails
Baking Chips,
Wine Cocktail,Liquor and cocktails
Whole Milk,"Milk, whole"
Chocolate Candy Bars,Candy containing chocolate
Strawberry Candy,Candy not containing chocolate
Chocolate Milk,"Flavored milk, whole"
Frozen Daiquiri Cocktail,Liquor and cocktails
Candy Pouches,Candy not containing chocolate
Reduced Fat Milk,"Milk, reduced fat"
Margarita Salt,Not included in a food category
Lactose-Free Milk,Milk substitutes
Watermelon Punch,Other fruits and fruit salads
Milk,"Milk: Milk, whole"
Popcorn Balls,Snacks
Hard Candy,Candy not containing chocolate
Margarita Mix,Liquor and cocktails
Chocolate Candy,Candy containing chocolate
Low Carb Bread,
Low Fat Milk,
Organic Bread,Rolls and buns
Breath Mint Candy,Candy not containing chocolate
Pina Colada Mix,Liquor and cocktails
Chocolate Sandwich Cookies,Cookies and brownies
Candy,
Hamburger Buns,Rolls and buns
Caramel Candy,Candy not containing chocolate
Sandwich Bread,Rolls and buns
Bread,Yeast breads
Snack Bars,Nutrition bars
Breath Mints,Not included in a food category
Sparkling Grapefruit,
White Bread,Rolls and buns
Cocktails,Liquor and cocktails
Low-Fat Milk,"Milk, lowfat"
Candy Mix,Candy not containing chocolate
Skim Milk,"Milk, nonfat"
Bubblegum,Not included in a food category
Gum,Not included in a food category
Pecan Pie,Cakes and pies
Snack Cakes,Cakes and pies
Sugar-Free Gum,Not included in a food category
Chewing Gum,Not included in a food category
Doughnuts,Cakes and pies
Egg Nog,"Flavored milk, whole"
Peanut Brittle,Candy not containing chocolate
Cherry Pie,Cakes and pies
Evaporated Milk,"Milk, whole"
Italian Bread,Rolls and buns
Bubble Gum,Not included in a food category
Mint Candy,Candy not containing chocolate
Lactose Free Milk,Milk substitutes
Cinnamon Cake,Cakes and pies
Apple Fritters,"Doughnuts, sweet rolls, pastries"
Mints,Not included in a food category
Condensed Milk,Milk substitutes
Bagels,Bread and bread products
Organic Milk,
Donuts,"Doughnuts, sweet rolls, pastries"
Almondmilk,Milk substitutes
Powdered Sugar Donuts,"Doughnuts, sweet rolls, pastries"
Blueberry Muffins,"Biscuits, muffins, quick breads"
Dry Milk,Milk substitutes
Sweetened Condensed Milk,Milk substitutes
Brownie Bites,Cookies and brownies
Chocolate Frosted Mini Donuts,"Doughnuts, sweet rolls, pastries"
Cinnamon Rolls,"Doughnuts, sweet rolls, pastries"
Powdered Milk,Milk substitutes
Junior Mints,Candy not containing chocolate
Cinnamon Bread,"Biscuits, muffins, quick breads"
Buttermilk,"Milk, whole"
Flour Tortillas,Tortillas
Pumpkin Cake Roll,Cakes and pies
Cinnamon Raisin Bagels,Bagels and English muffins
Honey Buns,"Doughnuts, sweet rolls, pastries"
Sub Rolls,Other sandwiches (single code)
Croissants,Turnovers and other grain-based items
Peppermint Candy,Candy not containing chocolate
Sugar Free Gum,Not included in a food category
Texas Toast,Turnovers and other grain-based items
Keto Fat Cups,Not included in a food category
Gummy Bears,Candy not containing chocolate
Fruit Chews,Candy not containing chocolate
Gummy Candy,Candy not containing chocolate
Chocolate Candy Bar,Candy containing chocolate
Blueberry Muffin,"Biscuits, muffins, quick breads"
Chocolate Candy Truffles,Candy containing chocolate
Gummy Worms,
Milk Chocolate Candy,Candy containing chocolate
Chocolate Assortment,Candy containing chocolate
Frozen Frittata,Egg/breakfast sandwiches
Dark Chocolate Candy Bar,Candy containing chocolate
Candy Assortment,Candy not containing chocolate
Electrolyte Powder,Nutritional beverages
Candy Ropes,Candy not containing chocolate
Energy Chew,Nutrition bars
Toffee Baking Bits,Not included in a food category
Milk Bar,"Milk, whole"
Chocolate,Candy containing chocolate
Dark Chocolate,Candy containing chocolate
Energy Gum,Not included in a food category
Chocolate Squares,Candy containing chocolate
White Chocolate Candy Truffles,Candy containing chocolate
Chocolate Bar,Candy containing chocolate
Toffee Candy,Candy not containing chocolate
Dark Chocolate Truffles,Candy containing chocolate
Candy Bar,Candy not containing chocolate
Coconut Water,Enhanced water
Snack Box,Not included in a food category
Chocolate Truffles,Candy containing chocolate
Sparkling Water,Flavored or carbonated water
Bottled Water,Bottled water
Cheese Snacks,Processed cheese snacks
Dark Chocolate Candy,Candy containing chocolate
Chocolate Melting Wafers,Candy containing chocolate
Lunch Snack,Not included in a food category
Snack Pack,Pudding
Distilled Water,Bottled water
Water Enhancer,Flavored or carbonated water
Spring Water,Bottled water
Liquid Drink Enhancer,Nutritional beverages
Drink Mix,Nutritional beverages
Cheese and Crackers Snack Kit,Crackers
Drink Enhancer,Nutritional beverages
Lunch Kit,
Cheese Dip & Breadsticks,"Dips, gravies, other sauces"
Meat Snack Kit,Processed soy products
Water Beverage,Flavored or carbonated water
Snack Plate,Not included in a food category
Hydration Drink Mix,Nutritional beverages
Seltzer Water,Flavored or carbonated water
Sports Drink,Nutritional beverages
Soft Drink Mix,Other diet drinks
Cheese & Crackers Snack Kit,"Cheese, Crackers"
Snack Kit,Not included in a food category
Tonic Water,Flavored or carbonated water
Crystal Light,Flavored or carbonated water
Hazelnut Spread,Not included in a food category
Enhanced Water,Enhanced water
Protein Snack Pack,Nutrition bars
Energy Shot,
Energy Drink,Diet sport and energy drinks
Energy Drink Mix,Nutritional beverages
Hot Cocoa Mix,Cocoa mix
Green Tea,Tea
Alkaline Water,Flavored or carbonated water
Iced Tea,Tea
Hot Chocolate Mix,Hot Chocolate Mix - Other beverages
Sweet Tea,Other fruit juice
Beverage,"Citrus juice
Apple juice
Other fruit juice
Vegetable juice
Diet soft drinks
Diet sport and energy drinks
Other diet drinks
Soft drinks
Fruit drinks
Sport and energy drinks
Nutritional beverages
Smoothies and grain drinks
Coffee
Tea
Beer
Wine
Liquor and cocktails
Tap water
Bottled water
Flavored or carbonated water
Enhanced water"
Hot Cocoa Drink Mix,"Flavored milk, whole"
Chocolate Powder,Cocoa powder
Powdered Drink Mix,Nutritional beverages
Marshmallows,Not included in a food category
Ground Coffee,Coffee
Coffee Pods,Coffee
Lemonade Drink Mix,Fruit drinks
Chocolate Drink Mix,"Flavored milk, whole"
Coffee Drink,Coffee - Nutritional beverages
Cocoa Powder,Not included in a food category
Iced Coffee,
Hot Cocoa,"Flavored milk, whole"
Protein Shake,Protein and nutritional powders
Chocolate Malt Powder,Milk shakes and other dairy drinks
Hot Chocolate Tablets,Hot Chocolate Tablets - Other beverages
Meal Replacement Shake,Protein and nutritional powders
Malted Milk Powder,Milk substitutes
Nutrition Shake,Milk shakes and other dairy drinks
Instant Coffee,Coffee
Gatorade Drink Mix,Sport and energy drinks
Chilled Coffee Drink,Nutritional beverages
Nutritional Drink,Nutritional beverages
Whole Bean Coffee,Coffee
Drink Powder,Protein and nutritional powders
Coffee,Coffee
Coffee Bags,Not included in a food category
Beverage Mix,Not included in a food category
Cold Brew Coffee Concentrate,Coffee
Decaf Coffee,Coffee
Oat Milk Latte,Milk substitutes
Instant Coffee Drink Mix,Coffee
Coffee Variety Pack,Coffee
Vanilla Latte,Coffee
Cold Brew Coffee,
Decaffeinated Coffee,Coffee
Iced Coffee Pods,Coffee
Coffee Creamer,Cream and cream substitutes
Coffee Muffin,"Biscuits, muffins, quick breads"
K-Cup Pods,Not included in a food category
Salsa,Tomato-based condiments
Decaf Coffee Pods,Coffee
Salsa Verde,"Pasta sauces, tomato-based"
Beef Jerky,Cold cuts and cured meats
Teriyaki Jerky,Cold cuts and cured meats
Simmer Sauce,"Pasta sauces, tomato-based"
Ground Italian Sausage,Sausages
Sausage Roll,Turnovers and other grain-based items
Applesauce Variety Pack,Baby food: fruit
Breakfast Sausage Patties,Pork
Pork Sausage Patties,Pork
Pretzel Sticks,Pretzels/snack mix
Protein Bar,Nutrition bars
Keto Bar,Nutrition bars
Medjool Dates,Dried fruits
Nut and Seed Bar,Nutrition bars
Cheese Balls,Snacks
Cheese Puffs,Turnovers and other grain-based items
Puff Snack,Not included in a food category
Peanut Butter Cookies,Cookies and brownies
Almonds,Nuts and seeds
Veggie Straws,Other snacks
Walnuts,Nuts and seeds
Trail Mix,Nuts and seeds
Snack Mix,Pretzels/snack mix
Flower Bunch,Not included in a food category
Cashews,Nuts and seeds
Snack Chips,Potato chips
Puffcorn,Not included in a food category
Spanish Peanuts,
Pistachios,Nuts and seeds
Mixed Nuts,Nuts and seeds
Toasted Coconut Cashews,Nuts and seeds
Snack Puffs,Other snacks
Blueberry Almonds,Nuts and seeds
Salt,Salt is not included in a specific food category.
Dry Roasted Peanuts,Nuts and seeds
Iodized Salt,Not included in a food category
Honey Roasted Peanuts,Nuts and seeds
White Vinegar,Tomato-based condiments
Cheese Puff Chips,Potato chips
Black Pepper,Not included in a food category
Cheese Snack Chips,Potato chips
Almond Flour,Not included in a food category
Red Wine Vinegar,
Seasoning,Not included in a food category
Breakfast Cereal,"Ready-to-eat cereal, higher sugar (>21.2g/100g)
Ready-to-eat cereal, lower sugar (=<21.2g/100g)
Oatmeal
Grits and other cooked cereals"
Granola Bars,Nutrition bars
Seasoning Blend,Not included in a food category
Cooking Wine,Wine
White Wine Vinegar,Tomato-based condiments
Boiled Peanuts,Other vegetables and combinations
Cheetos,Not included in a food category
Sea Salt,Salt substitutes
Steak Seasoning,Not included in a food category
Pecan Halves,Nuts and seeds
Apple Cider Vinegar,Tomato-based condiments
Seasoned Salt,Tomato-based condiments
Balsamic Vinegar,Tomato-based condiments
Onion Rings,
Pink Salt,Salt substitutes
Rice Vinegar,Tomato-based condiments
Italian Seasoning,Other condiments
Malt Vinegar,Other condiments
Pumpkin Seeds,Nuts and seeds
Hamburger Seasoning,Not included in a food category
Raisins,Dried fruits
Peppercorn Grinder,
Munch Mix,Not included in a food category
Flavored Snack Chips,Potato chips
Gravy Mix,"Dips, gravies, other sauces"
Chopped Walnuts,Nuts and seeds
Honey Roasted Pecans,Nuts and seeds
Sunflower Kernels,Nuts and seeds
Chicken Seasoning,Other condiments
Protein Puff,Protein and nutritional powders
Taco Seasoning,Other condiments
Pretzels,Snack foods
Sea Salt Grinder,Salt and salt substitutes
Salted Peanuts,Nuts and seeds
Salt Alternative,Salt substitutes
Cashew Snacks,Nuts and seeds
Dates,Dried fruits
BBQ Sauce,"Dips, gravies, other sauces"
Barbecue Sauce,"Dips, gravies, other sauces"
Burger Dipping Sauce,"Dips, gravies, other sauces"
Tomato Sauce,
Glazed Mix,Not included in a food category
Steak Sauce,Tomato-based condiments
Balsamic Reduction,"Pasta sauces, tomato-based"
Brazil Nuts,Nuts and seeds
Peppercorn,
Peanuts,Nuts and seeds
Balsamic Glaze,
Sesame Oil,Vegetable oils
Tomato Ketchup,Tomato-based condiments
Blue Cheese Dressing,Salad dressings and vegetable oils
Apple Cider Vinegar Powder Sticks,Other condiments
Salad Dressing,"Salad dressings fall under the category of ""Salad dressings and vegetable oils""."
Ranch Dressing,Salad dressings and vegetable oils
Bacon Pieces,Bacon
Croutons,Not included in a food category
Thousand Island Dressing,Salad dressings and vegetable oils
Coleslaw Dressing,Salad dressings and vegetable oils
Mayonnaise,Salad dressings and vegetable oils
Italian Dressing,Salad dressings and vegetable oils
Salad Toppings,Other condiments
Pickles,"Olives, pickles, pickled vegetables"
Vegenaise Spread,Mayonnaise
French Fried Onions,Other vegetables and combinations
Dill Pickles,"Olives, pickles, pickled vegetables"
Honey Mustard Dressing,Salad dressings and vegetable oils
Mayo-like Dressing,Salad dressings and vegetable oils
Whipped Dressing,Salad dressings and vegetable oils
Chicken Gravy,"Dips, gravies, other sauces"
French Dressing,Salad dressings and vegetable oils
Bacon Bits,Cold cuts and cured meats
Black Olives,"Olives, pickles, pickled vegetables"
Honey Mustard,Mustard and other condiments
"Dried Cranberries, Honey Roasted Almonds","Dried fruits (Dried Cranberries)
Nuts and seeds (Honey Roasted Almonds)"
Stuffed Olives,"Olives, pickles, pickled vegetables"
Dressing,Salad dressings and vegetable oils
Sweet Gherkins,"Olives, pickles, pickled vegetables"
Relish,Other condiments
Pickled Beets,Other vegetables and combinations
Sandwich Spread,Salad dressings and vegetable oils
"Mayonnaise, Ketchup Sauce","Mayonnaise - Salad dressings and vegetable oils
Ketchup Sauce - Tomato-based condiments"
Strawberry Spread,"Jams, syrups, toppings"
Aioli,"Dips, gravies, other sauces"
Spread,"The keyword ""spread"" does not fit into any of the provided food categories."
Sweet Pickles,"Olives, pickles, pickled vegetables"
Pepper Jack Cheese,Cheese
Chicken Breast Tenderloins,"Chicken, whole pieces"
Chicken Breasts,"Chicken, whole pieces"
Cheese Slices,Cheese
Sour Cream,"Cream cheese, sour cream, whipped cream"
Garlic Spread,"Dips, gravies, other sauces"
Plant-Based Chicken,Milk substitutes
Strawberry Milk,"Flavored milk, whole"
Eggnog,"Flavored milk, whole"
Crescent Rolls,Turnovers and other grain-based items
Dinner Rolls,Rolls and buns
Muffins,"Biscuits, muffins, quick breads"
Sourdough Bread,Yeast breads
French Bread,Rolls and buns
Wheat Bread,Rolls and buns
Chocolate Drink,"Flavored milk, whole"
Carrot Cake,Cakes and pies
Organic Whole Milk,
Flavored Straws,Not included in a food category
Menstrual Pain Relief,Not included in a food category
Fruit Pouch,
Cinnamon Candy,Candy not containing chocolate
Almond Milk,Milk substitutes
Microwaveable Rice,Rice mixed dishes
Sausage,Sausage - Sausages
Candy Bag,Candy not containing chocolate
Sweet Peas,Other vegetables and combinations
Pepperoni Lunch Kit,Cold cuts and cured meats
Cornstarch,Not included in a food category
Chewy Candy,Candy not containing chocolate
Sweet Tea Drink Mix,Flavored or carbonated water
Electrolyte Water,Enhanced water
Grape Juice,Other fruit juice
Fruit Punch Juice Drink,Fruit drinks
Cappuccino Drink Mix,Nutritional beverages
Juice Drink,Fruit drinks
Energizing Juice,Other fruit juice
Apple Cider,Other fruit juice
"Sweet Tea, Lemonade",Soft drinks
Nutritional Drink Mix,Protein and nutritional powders
Kids Drinks,"Flavored milk, whole
Flavored milk, reduced fat
Flavored milk, lowfat
Flavored milk, nonfat
Milk shakes and other dairy drinks
Milk substitutes
Fruit drinks
Smoothies and grain drinks
Baby juice"
Smoothie,Smoothies and grain drinks
Chai Latte,Nutritional beverages
Orange Juice,Other fruit juice
Diabetes Care Shake,Nutrition bars
Hard Iced Tea,Liquor and cocktails
Lemonade Juice,Other fruit juice
Iced Tea Mix,Other fruit juice
Raspberry Lemonade Juice,Other fruit juice
Lemonade,Fruit drinks
Fruit Smoothie,Smoothies and grain drinks
Kombucha Drink,Nutritional beverages
Fruit Juice Drink,Other fruit juice
Iced Tea Drink Mix,Other diet drinks
Juice Cocktail,Fruit drinks
Strawberry Lemonade Juice,Fruit drinks
Kids Drink,"Flavored milk, whole"
Tea Bags,Tea
"Ready-to-Drink, Grapefruit, Can",Flavored or carbonated water
Juice Shot,Other fruit juice
Protein Drink,Nutritional beverages
Kombucha Variety Pack,Not included in a food category
Chai Tea,Tea
Vitaminwater,Nutritional beverages
Mineral Water,Bottled water
Kombucha Pack,
Hydrate,Not included in a food category
Ready-to-Drink Coffee,Coffee
French Fries,Other starchy vegetables
Fruit Blend,Other fruits and fruit salads
Parchment Paper,Not included in a food category
Fruit Bowls,Other fruits and fruit salads
Disposable Cutlery,Not included in a food category
Snack Pouches,Not included in a food category
Dried Fruit Snack,Dried fruits
Sliced Almonds,Nuts and seeds
Roasted Pecans,Nuts and seeds
Chopped Pecans,Nuts and seeds
Seasoning Mix,Not included in a food category
Toaster Pastries,Turnovers and other grain-based items
Poultry Seasoning,Not included in a food category
Cereal Snacks,"Ready-to-eat cereal, higher sugar (>21.2g/100g)
Ready-to-eat cereal, lower sugar (=<21.2g/100g)
Cereal bars"
Stevia Sweetener,Sugar substitutes
Garlic Salt,Tomato-based condiments
Marinade Mix,
Pot Roast Seasoning,Meat mixed dishes
BBQ Rub,Not included in a food category
Fajita Seasoning,Other Mexican mixed dishes
Fried Onions,
Black Peppercorn,
Popcorn Seasoning,Other condiments
Spaghetti Sauce Mix,"Pasta sauces, tomato-based"
Fruit & Nut Topping,"Jams, syrups, toppings"
Steak Marinade Mix,"Dips, gravies, other sauces"
Jalapeno Toppings,"Dips, gravies, other sauces"
Cheese Crackers,"Crackers, excludes saltines"
Poppy Seed Dressing,Salad dressings and vegetable oils
Salad Olives,"Olives, pickles, pickled vegetables"
Jalapeno Peppers,Other vegetables and combinations
Pickle Chips,"Olives, pickles, pickled vegetables"
Pickled Jalapeno Slices,"Olives, pickles, pickled vegetables"
Pickled Peppers,Other vegetables and combinations
Olives,Olives - Other red and orange vegetables
Okra Pickles,"Olives, pickles, pickled vegetables"
Pickle Relish,
Pickle Spears,"Olives, pickles, pickled vegetables"
Pickled Jalapeno Peppers,Other vegetables and combinations
Kalamata Olives,"Olives, pickles, pickled vegetables"
Root Beer Soda,Soft drinks
Black Forest Ham,Cold cuts and cured meats
Parmesan Cheese,Cheese
Canned Tuna,Fish
Frozen Meal,Meat mixed dishes
Black Beans,"Beans, peas, legumes"
Cheddar Cheese,Cheese
Artisan Bread,Yeast breads
Corn Tortillas,Tortillas
Mini Donuts,"Doughnuts, sweet rolls, pastries"
Cinnamon Raisin Bread,Rolls and buns
Chocolate Mousse,Pudding
Soymilk,Milk substitutes
Plant-Based Milk,Milk substitutes
Soy Milk,Milk substitutes
Lowfat Milk,"Milk, lowfat"
Jelly Beans,Candy not containing chocolate
Caramel Apple Dip,"Dips, gravies, other sauces"
Sour Candy,Candy not containing chocolate
Protein Candy Bites,Nutrition bars
Gummi Bears,Candy not containing chocolate
Vitamin D3 Jelly Beans,Not included in a food category
Sugar Free Chocolate Caramels,Candy not containing chocolate
Caramel Bits,Candy not containing chocolate
Candy Party Pack,Candy not containing chocolate
Ginger Candy,Candy not containing chocolate
Gummy Rings,Candy not containing chocolate
Fiber Supplement,Protein and nutritional powders
Lunchables,Not included in a food category
Flavored Water,Flavored or carbonated water
Vitamin Water,
Electrolyte Beverage,Nutritional beverages
Protein Water,
SportWater,Flavored or carbonated water
Hard Seltzer,Flavored or carbonated water
Instant Coffee Beverage Mix,Coffee
Root Beer,Soft drinks
Acai Powder,Other fruits and fruit salads
Milk Variety Pack,"Milk, whole"
Juice Box,
Goat Milk,"Milk, nonfat"
Fruit Juice,Other fruit juice
Powdered Goat Milk,"Milk, nonfat"
Apple Juice,Other fruit juice
Electrolyte Drink Mix,Nutritional beverages
Juice Variety Pack,Other fruit juice
Dried Mango,
"Dried Cranberries, Glazed Walnuts",Other fruits and fruit salads
Cocktail Peanuts,Nuts and seeds
"Dried Berries, Golden Raisins",Dried fruits
Roasted Almonds,Nuts and seeds
Keto Chocolate Mix,Nutrition bars
Wing Mix,Not included in a food category
Cajun Seasoning,Not included in a food category
Flushable Wipes,Not included in a food category
Chili Kit,"Pasta sauces, tomato-based"
Pine Nuts,
Fruit Snacks Variety Pack,
Chili Seasoning Mix,"Dips, gravies, other sauces"
Water Chestnuts,Other vegetables and combinations
Nut Mix,Nuts and seeds
Chicken Bouillon,
Curry Powder,Not included in a food category
Ground Cumin,Not included in a food category
Spicy Peanuts,Nuts and seeds
Fish Fry Breading,Turnovers and other grain-based items
Sauce Mix,"Dips, gravies, other sauces"
Meatball Seasoning,Meat mixed dishes
Chicken Seasoning Mix,
Beef Stew Seasoning,Meat mixed dishes
Pumpkin Pie Spice,Cakes and pies
Enchilada Sauce Mix,
Tortilla Strips,
Ranch Dip Mix,"Dips, gravies, other sauces"
Pickled Ginger,
Submarine Dressing,
Dressing & Dip,"Salad dressings and vegetable oils
Dips, gravies, other sauces"
Ranch Dip,"Dips, gravies, other sauces"
Green Olives,"Olives, pickles, pickled vegetables"
Pickled Asparagus,Other vegetables and combinations
Caesar Salad Dressing,Salad dressings and vegetable oils
Salad Topping,
Sauce,"Pasta sauces, tomato-based"
Frozen Shrimp,Shellfish
Hot Pocket,Turnovers and other grain-based items
Tortilla Chips,
Burger Patties,Burgers
Cheese,Cheese
Corn Snacks,"Tortilla, corn, other chips"
Chicken Breast,"Chicken, whole pieces"
Bell Peppers,Other red and orange vegetables
Ground Beef Patties,Ground beef
Onion Powder,Other condiments
Whole Grain Bread,Rolls and buns
Baking Powder,Not included in a food category
Hydration,Flavored or carbonated water
Hydration Drink,Nutritional beverages
Corn Chips,"Tortilla, corn, other chips"
Brown Sugar,Sugars and honey
Potato Chips,Snack foods
Mixed Vegetables,Other vegetables and combinations
Pinto Beans,"Beans, peas, legumes"
Coconut Milk,Milk substitutes
Gluten Free Burrito,Burritos
Crackers,"Crackers: Crackers, excludes saltines"
Peanut Butter,"Peanut butter falls under the category of ""Nut and seed spreads"""
Mashed Potatoes,"White potatoes, baked or boiled"
Organic Coconut Water,Nutritional beverages
Incontinence Pads,
Mocha Drink,Milk shakes and other dairy drinks
Plant-Based Juice Drink,Milk substitutes
Purified Water,Bottled water
Cranberry Juice,Other fruit juice
Limeade Juice,Other fruit juice
Pineapple Juice,
Tomato Juice,Vegetable juice
Pineapple Orange Juice,Other fruit juice
Vitamin Shot,Not included in a food category
Superfood Powder,Protein and nutritional powders
Fruit & Fiber Powder,Protein and nutritional powders
Vitamin C Supplement,Protein and nutritional powders
Electrolyte Powder Packets,Nutritional beverages
Vitamin C Powder Mix,Protein and nutritional powders
Fruit Cup Snacks,
Flax Seed,Nuts and seeds
Cocoa Almonds,Nuts and seeds
Nuts,Nuts and seeds
Honey Roasted Almonds,Nuts and seeds
Fruit Crisps,"Doughnuts, sweet rolls, pastries"
Macadamia Nuts,Nuts and seeds
Dried Cranberries,Other fruits and fruit salads
Corn Snack,"Tortilla, corn, other chips"
Avocado Ranch Sauce,"Dips, gravies, other sauces"
Italian Dressing Mix,
Caesar Dressing,
Raspberry Vinaigrette Dressing,Salad dressings and vegetable oils
Spicy Ranch,Salad dressings and vegetable oils
Minced Garlic,Other condiments
Buffalo Ranch Sauce,"Dips, gravies, other sauces"
Shredded Cheese,Cheese
Cream Cheese,"Cream cheese falls under the category of ""Cream cheese, sour cream, whipped cream""."
Brownie Mix,
Ginger Ale,Not included in a food category
Granola,"Ready-to-eat cereal, lower sugar (=<21.2g/100g)"
Bone Broth,Meat mixed dishes
New York Strip Steak,"Beef, excludes ground"
Smoked Paprika,Not included in a food category
Baby Oatmeal,
Baby Food,"Baby food: cereals
Baby food: fruit
Baby food: vegetable
Baby food: meat and dinners
Baby food: yogurt
Baby food: snacks and sweets
Baby juice
Baby water
Formula, ready-to-feed
Formula, prepared from powder
Formula, prepared from concentrate
Human milk
Baby food: mixtures"
Spanish Style Rice,
Organic Quinoa,"Beans, peas, legumes"
Pork Sausage,Sausages
Canned Peaches,Other fruits and fruit salads
Whipped Topping,Cream and cream substitutes
Popcorn,Snack foods
Gummies Candy,Candy not containing chocolate
Weight Loss Drink Mix,Nutritional beverages
Bubble Tea Kit,
Sunflower Seeds,Nuts and seeds
Plant-Based Snack,Milk substitutes
Pot Roast Seasoning Mix,Meat mixed dishes
Guacamole Mix,"Dips, gravies, other sauces"
Crab Boil,Shellfish
Alfredo Sauce,"Pasta sauces, tomato-based"
Rice Seasoning Mix,"Pasta sauces, tomato-based"
Ground Allspice,Not included in a food category
Cinnamon,
Broccoli Cheddar Soup,Soups
Wasabi Almonds,Nuts and seeds
Liquid Aminos,Soy-based condiments
Garlic Vinaigrette,Salad dressings and vegetable oils
Chili Seasoning,Other condiments
Sage,Not included in a food category
Bacon Crumbles,Cold cuts and cured meats
Oregano,Not included in a food category
Black Walnut Oil,Salad dressings and vegetable oils
Bagel Seasoning,
Paprika,Not included in a food category
Turkey Bacon,Bacon
Linguine,"Pasta mixed dishes, excludes macaroni and cheese"
American Cheese,Cheese
Thyme Leaves,Not included in a food category
Rosemary,
Ground Cardamom,Not included in a food category
Cinnamon Sticks,Not included in a food category
Crushed Tomatoes,"Pasta sauces, tomato-based"
Fennel Seed,
Ice Cream Sandwiches,"Doughnuts, sweet rolls, pastries"
Sugar Cookies,Cookies and brownies
Brioche Buns,Rolls and buns
Whole Wheat Bread,Rolls and buns
Bagel Thins,Bagels and English muffins
Cinnamon Bagels,Bagels and English muffins
Garlic Bread,Turnovers and other grain-based items
Butter Bread,Rolls and buns
Gluten Free Bread,"Bread, gluten-free"
Potato Bread,Rolls and buns
Pumpkin Pie,Cakes and pies
Yogurt,"Yogurt, regular
Yogurt, Greek"
Mozzarella Cheese,Cheese
Vegetable Oil Spread,Salad dressings and vegetable oils
Boil-in-Bag Rice,Rice mixed dishes
Raw Honey,Sugars and honey
Instant Rice,Rice mixed dishes
Fruit Juice Boxes,Other fruit juice
Fruit Juice Smoothie,Smoothies and grain drinks
Juice,"Citrus juice
Apple juice
Other fruit juice
Vegetable juice"
Toddler Juice,Baby juice
Raw Peanuts,Nuts and seeds
Buffalo Wing Seasoning,Other condiments
Guacamole Seasoning,"Dips, gravies, other sauces"
Bar Mix,Not included in a food category
Dark Chocolate Almonds,Nuts and seeds
Ground Coriander,Not included in a food category
Macadamias,Nuts and seeds
Seasoning Sauce,Soy-based condiments
Sloppy Joes Seasoning Mix,Meat mixed dishes
Frozen Burritos,Burritos and tacos
Probiotic Yogurt,"Yogurt, regular"
Deli Lunch Meat,
Butternut Squash,Other vegetables and combinations
Ham,Deli and cured meat sandwiches
English Muffins,Rolls and buns
Smoked Ham,Deli and cured meat sandwiches
Honey Ham,Deli and cured meat sandwiches
Smoked Turkey Breast,
Greek Yogurt,
Cheese Blend,Cheese
Pineapple Chunks,Other fruits and fruit salads
Pina Colada Juice,Other fruit juice
Lime Juice,Other fruit juice
Pomegranate Juice,Other fruit juice
Elderberry Shot,Other fruits and fruit salads
Prune Juice,Other fruit juice
Sparkling Juice,Flavored or carbonated water
Crushed Pineapple,Other fruits and fruit salads
Cold Brew Latte,Coffee
Health Seeds,Nuts and seeds
Pesto Pasta Sauce,
Black Walnuts,Nuts and seeds
Pecans,Nuts and seeds
Hemp Seeds,Nuts and seeds
Tenderizer,
BBQ Seasoning,Not included in a food category
Nuts and Dried Fruit,"Nuts and seeds, Dried fruits"
Pistachio Butter,Nuts and seeds
Flavor Enhancer,Not included in a food category
Jambalaya,Rice mixed dishes
Chili Mix,"Pasta sauces, tomato-based"
Salmon Seasoning,Seafood mixed dishes
Butter,"Butter falls under the category of ""Butter and animal fats""."
Dark Chocolate Baking Chips,Candy containing chocolate
Chocolate Cupcakes,Cakes and pies
Ground Flax Seed,Nuts and seeds
Frozen Snack,Turnovers and other grain-based items
Frozen Snacks,Turnovers and other grain-based items
Tortillas,Tortillas: Other grain-based items
Coconut Oil,Vegetable oils
Beet Juice,Vegetable juice
Frozen Pineapple,Other fruits and fruit salads
Applesauce,Other fruits and fruit salads
Black Bean Chili,"Bean, pea, legume dishes"
Chicken Breast Strips,"Chicken patties, nuggets and tenders"
Chicken Sausage,Sausages
Breakfast Bread,"Biscuits, muffins, quick breads"
Ice Cream,"Ice cream falls under the category of ""Ice cream and frozen dairy desserts""."
Hamburger Rolls,Buns and rolls
Sandwich Cookies,Cookies and brownies
Frozen Dessert,Ice cream and frozen dairy desserts
Olive Oil,
Sweet Potato Pie,Cakes and pies
Chocolate Cookies,Cookies and brownies
Dijon Mustard,Mustard and other condiments
Citrus Punch,Fruit drinks
Cherry Juice,Other fruit juice
Iced Tea Bags,Tea
Dry Rub,Meat mixed dishes
Smoking Rub,Not included in a food category
Meatloaf,Meat mixed dishes
BBQ Seasoning Rub,Not included in a food category
Spices & Seasonings,Not included in a food category
Veggie Roaster,Vegetable dishes
Poultry Blend,Poultry mixed dishes
Spice Blend,Not included in a food category
Barbecue Dry Rub,"Dips, gravies, other sauces"
Fish Fry,Seafood mixed dishes
Frozen Tilapia Fillets,Fish
Spinach Salad,Lettuce and lettuce salads
Beef Burgers,Burgers
Hot Sauce,Tomato-based condiments
Organic Ketchup,Tomato-based condiments
Guacamole,"Dips, gravies, other sauces"
Quinoa and Brown Rice,Rice mixed dishes
Chia Squeeze Pouch,Other fruits and fruit salads
Extra Virgin Olive Oil,Salad dressings and vegetable oils
Frozen Meals,Meat mixed dishes
Agave Sweetener,Sugar substitutes
Pho Broth,Soups
Basil Leaves,Not included in a food category
Matcha Powder,Not included in a food category
Chamomile Tea,Tea
Creme Horns,Cakes and pies
Whole Wheat Bagels,Bagels and English muffins
Gluten-Free Bread,"Bread, gluten-free"
White Cake,Cakes and pies
Deli Swirl Bread,Bread
Slider Buns,Rolls and buns
Lemon Drizzle Cakes,Cakes and pies
Rye Bread,Yeast breads
Gouda Cheese,Cheese
Sparkling Cider,Flavored or carbonated water
Snack Pouch,Not included in a food category
Tomato Cocktail,Vegetable juice
Cold-Pressed Juice,Other fruit juice
Frozen Side,Other vegetables and combinations
Sliced Ham,Cold cuts and cured meats
Organic Chives,Other vegetables and combinations
Cilantro,Not included in a food category
Ham Lunch Meat,Cold cuts and cured meats
Corn Dogs,Meat mixed dishes
Tofu,Milk substitutes
Sliced Turkey Breast,Cold cuts and cured meats
Bean Dip,
Italian Sausage,Sausages
Poppy Seeds,Nuts and seeds
Celery Seeds,Other spices and seasonings
Cumin Seed,Not included in a food category
Pulled Pork,Pork
Hot Fudge Topping,"Dips, gravies, other sauces"
Frozen Fruit Pops,Ice cream and frozen dairy desserts
Turkey Sausage,Processed soy products
Tuna,Fish
Canned Pumpkin,Other vegetables and combinations
Digestion Shot,Nutritional beverages
Bloody Mary Mix,Tomato-based condiments
Mango Juice,Other fruit juice
Passion Fruit Pulp,Other fruits and fruit salads
Blueberry Juice,Other fruit juice
Carrot Juice,Vegetable juice
Whey Protein Isolate,Protein and nutritional powders
Dark Sweet Cherries,Other fruits and fruit salads
Papaya Juice,Other fruit juice
Frozen Fruit Pulp,
Whipped Cream Topping,Cream and cream substitutes
Mustard Seed,Condiments
Imitation Crab Flake,Seafood mixed dishes
Beef Patties,Ground beef
Goji Berries,Other fruits and fruit salads
Sun Coco Oil,
Beef Franks,Frankfurters
Ground Beef Burgers,Burgers
Cooked Ham,Cold cuts and cured meats
Tuna Creations,Fish
Strawberry Cheesecake,Cakes and pies
Cheesecake Dessert,Cakes and pies
Pizza Crust,
Pita Bread,Turnovers and other grain-based items
Cookies,Cookies - Cakes and pies
Gluten Free Hamburger Buns,Buns
Gluten Free Bread Rolls,Rolls and buns
Sweet Hawaiian Bagel,
Gluten Free Pizza Crust,Turnovers and other grain-based items
Food Colors,Not included in a food category
Cheesecake,Cakes and pies
Variety Cake,Cakes and pies
Taco Shells,Turnovers and other grain-based items
Chocolate Chunk Cookies,Cookies and brownies
Mini Eclairs,Cakes and pies
Tortilla Wraps,Other sandwiches (single code)
Sandwich Rolls,Buns and rolls
Pita Breads,Turnovers and other grain-based items
Hawaiian Bread,"Biscuits, muffins, quick breads"
Chocolate Cake,Cakes and pies
Iced Tea and Lemonade,Other fruit drinks
Meatloaf Seasoning,Meat mixed dishes
Chia Seeds,Nuts and seeds
Organic Chicken Breasts,"Chicken, whole pieces"
Chicken Strips,"Chicken patties, nuggets and tenders"
Brie Cheese,Cheese
Deli Meat,Cold cuts and cured meats
Mixed Chocolates,Candy containing chocolate
Pasta,"Pasta mixed dishes, excludes macaroni and cheese"
Lip Balm,Not included in a food category
Fig Bars,Cookies and brownies
Herbal Tea,Tea
Rotisserie Chicken,"Chicken, whole pieces"
Green Bell Pepper,Other vegetables and combinations
Salmon,Fish
Vegetable Blend,Vegetable dishes
Cornbread Mix,Turnovers and other grain-based items
Gluten-Free Snacks,Other snacks
Mini Cupcakes,Cakes and pies
Banana Pudding,Pudding
Red Velvet Cupcakes,Cakes and pies
Chocolate Chip Cookies,Cookies and brownies
Keto Hot Dog Buns,Turnovers and other grain-based items
Spring Roll Wrappers,
Danish,Turnovers and other grain-based items
Carrot Cake Cookies,Cookies and brownies
Cream Cheese Brownies,
Protein Sweet Roll,"Doughnuts, sweet rolls, pastries"
Cookie Icing,Cakes and pies
Cupcakes,Cakes and pies
Sticky Bun,"Doughnuts, sweet rolls, pastries"
Canned Beans,"Beans, peas, legumes"
Dry Yeast,Yeast breads
Unsweet Tea,Tea
Avocado Oil,Salad dressings and vegetable oils
Pork Hocks,Pork
Thumbprint Cookies,
Oatmeal Raisin Cookies,Cookies and brownies
Gluten-Free Pie Crust,Turnovers and other grain-based items
Brioche Rolls,Rolls and buns
Multigrain Bread,Rolls and buns
Italian Loaf,Other sandwiches (single code)
Non-Dairy Frozen Dessert,Milk substitutes
Whole Wheat Buns,Rolls and buns
Cheesecake Bites,Cakes and pies
Pecan Tarts,Cakes and pies
Tiramisu Cake,Cakes and pies
Tiramisu Layer Cake,
Marshmallow Treats,Cakes and pies
Jambalaya Rice,Rice mixed dishes
Pretzel Crisps,"Crackers, excludes saltines"
Almond Flour Tortillas,Tortillas
Dairy-Free Yogurt Alternative,Milk substitutes
Bean Soup,Soups
Peach Slices,
Vanilla Extract,
Pork Seasoning,
Flank Steak,"Beef, excludes ground"
Shrimp Cocktail,Shellfish
Sweetener,Sugar substitutes
Seafood Sauce,"Pasta sauces, tomato-based"
Apple Pie,Cakes and pies
Orange Sherbet,Ice cream and frozen dairy desserts
Frozen Corn,Other vegetables and combinations
Garlic Cheese Loaf,Turnovers and other grain-based items
Slider Rolls,Rolls and buns
Turkey Franks,Frankfurters
Bean and Rice Burrito,Burritos and tacos
Cashew Milk,Milk substitutes
Canadian Bacon,Cold cuts and cured meats
Vegetable Dumplings,"Egg rolls, dumplings, sushi"
Frozen Salmon,Fish
Crawfish Tails,Shellfish
Acai Bowl,Other fruits and fruit salads
Beef Summer Sausage,Deli and cured meat sandwiches
Breakfast Patties,Pork
Frozen Brussels Sprouts,Other vegetables and combinations
Dairy-Free Slices,Milk substitutes
Chicken Franks,Frankfurters
Breaded Okra,Vegetable dishes
Pork Loin Filet,Pork
Butter Substitute,Margarine
Taquitos,Burritos and tacos
Filet Mignon,"Beef, excludes ground"
Ground Bison,"Beef, excludes ground"
Blackberry Cobbler,Cakes and pies
Vegan Pizza,Milk substitutes
Pork Tenderloin,Pork
Gluten Free English Muffins,"Biscuits, muffins, quick breads"
Oat Bites,Cereal bars
Veggie Burgers,Vegetable sandwiches/burgers
Italian Cookies,Cookies and brownies
Gluten Free Noodles,"Pasta, noodles, cooked grains"
Sanding Sugar,Sugars and honey
Cake Bites,Cakes and pies
Bread Baguettes,Turnovers and other grain-based items
Sparkling Sugar,Sugars and honey
Italian Creme Cake,Cakes and pies
Marshmallow Treat,Cakes and pies
Freeze-Dried Fruit,Dried fruits
Coffee Ice Cream,Ice cream and frozen dairy desserts
Veggie Crumbles,Meat substitutes
Frozen Shrimp Cocktail,Shellfish
Berry Blend,Other fruits and fruit salads
Frozen Cod Fillets,Fish
Powdered Peanut Butter,Nut and seed products
Frozen Sweet Peas,Other vegetables and combinations
Cauliflower Pizza,Turnovers and other grain-based items
Sugar Cones,Other grain-based items
Pizza,Pizza
Pulled Chicken,"Chicken, whole pieces"
Frozen Fruit Bars,Ice cream and frozen dairy desserts
Plant-Based Burger Patties,Vegetable sandwiches/burgers
Chocolate Cr√®me Pie,Cakes and pies
Lobster Tails,Shellfish
Banana Twin Pops,Ice cream and frozen dairy desserts
Ice Cream Cups,Ice cream and frozen dairy desserts
Catfish Fillets,Fish
Roasted Chicken,"Chicken, whole pieces"
Ice Cream Bars,Ice cream and frozen dairy desserts
Frozen Treats,Ice cream and frozen dairy desserts
Wieners,Frankfurters
Stuffed Shells,"Pasta mixed dishes, excludes macaroni and cheese"
Snack Tray,Not included in a food category
Frozen Treat Bars,Ice cream and frozen dairy desserts
Chocolate Baking Chips,Not included in a food category
Low Carb Hot Dog Buns,Buns
Spiral-Cut Ham,Pork
Frozen Treat Bar,Ice cream and frozen dairy desserts
Strawberry Ice Cream,Ice cream and frozen dairy desserts
Frozen Burrito,Burritos and tacos
Breakfast Bowl,"Pasta mixed dishes, excludes macaroni and cheese"
Tuna Bowl,Fish
Calf Liver,Liver and organ meats
Ground Turmeric,Other spices
Ice Pops,"Gelatins, ices, sorbets"
Plant-Based Chick'n,Milk substitutes
Peanut Butter Powder,
Bean & Rice Burrito,Burritos and tacos
Sugar Pearls,Sugars and honey
Corned Beef Brisket,Deli and cured meat sandwiches
Pork Chops,Pork
Meatballs,Meat mixed dishes
Flat Bread,Turnovers and other grain-based items
Dark Chocolate Cookies,Cookies and brownies
Beef Snack Sticks,Cold cuts and cured meats
Nut Bar,Nutrition bars
Fajita Kit,
Honey Bun Cake,Cakes and pies
Hawaiian Rolls,Rolls and buns
Brownies,Cakes and pies
Cranberry Pecan,Other fruits and fruit salads
Prunes,Dried fruits
Brown Rice,Rice mixed dishes
Tart Cherry Juice,
Veggie Hot Dogs,Frankfurters
Keto Cereal,"Ready-to-eat cereal, lower sugar (=<21.2g/100g)"
Frozen Hushpuppies,Turnovers and other grain-based items
Vegan Chick'n Tenders,Meat substitutes
Plant-Based Meatballs,Meat substitutes
Cauliflower Crust Pizza,Pizza
Frozen Mussels,Shellfish
Breakfast Pizza,Pizza
Plant-Based Meat Substitute,Milk substitutes
Ground Lamb,"Lamb, goat, game"
Chili,Meat mixed dishes
Plant-Based Sausage Roll,Turnovers and other grain-based items
Ice Cream Alternative,Milk substitutes
Sorbetto,"Gelatins, ices, sorbets"
Pizza Rolls,Turnovers and other grain-based items
Frozen Spinach,Vegetables and combinations
Sugar Blend,Sugars and honey
Biscuit Sandwich,Other sandwiches (single code)
Biscuit Sandwiches,Other sandwiches (single code)
Frozen Tuna Steaks,Fish
Canned Black Eyed Peas,"Beans, peas, legumes"
Pork Roast,Pork
Power Bowls,Vegetable dishes
Ice Cream Bar,Ice cream and frozen dairy desserts
Chocolate Chips,Cookies and brownies
Coconut Milk Yogurt Alternative,Milk substitutes
Turkey Jerky,Cold cuts and cured meats
Apple Straws,Other fruits and fruit salads
Cereal,"Ready-to-eat cereal, higher sugar (>21.2g/100g)
Ready-to-eat cereal, lower sugar (=<21.2g/100g)
Oatmeal
Grits and other cooked cereals"
Protein Chips,Snack chips
Mandarin Oranges,Other fruits and fruit salads
Condensed Soup,Soups
Canned Green Beans,Other vegetables and combinations
White Wine,Wine
Dip,"Dips, gravies, other sauces"
Chicken Tenders,"Chicken patties, nuggets and tenders"
Cauliflower Crust,Vegetable dishes
No Bake Cookies,Cookies and brownies
Popcorn Variety Pack,Popcorn
Grapefruit Juice,Citrus juice
Soda Pop,Soft drinks
Protein Coffee,Nutritional beverages
Sherbet,"Gelatins, ices, sorbets"
Vegan Nuggets,Milk substitutes
Creamer,Milk substitutes
Plant-Based Ground,Milk substitutes
Cherry Pie Filling,Cakes and pies
Rolled Oats,Oatmeal
Goat Cheese,Cheese
Green Chiles,Other vegetables and combinations
Apple Snack,Other fruits and fruit salads
Beef Brisket,Meat mixed dishes
Dipping Sauce,"Dips, gravies, other sauces"
Chardonnay Wine,Wine
Tuna Steaks,Fish
Beef Chili,Meat mixed dishes
Whole Grains,Turnovers and other grain-based items
Lamb Shoulder Chop,"Lamb, goat, game"
Frozen Waffles,"Pancakes, waffles, French toast"
Deli Ham,Cold cuts and cured meats
Vegan Burger Patties,Meat substitutes
Pink Salmon,Fish
Protein Cookie,Nutrition bars
Frozen Turkey Breast,"Turkey, duck, other poultry"
Frozen Snapper Fillets,Fish
Seasoned Ribs,Pork
Cocktail Shrimp,Shellfish
Weight Range,Not included in a food category
Carved Ham,Deli and cured meat sandwiches
Meatless Chicken Tenders,Meat substitutes
Grilling Blends,Not included in a food category
"Ground Ginger, Mixed Spices, Seasonings",Other condiments
BBQ Seasoning Mix,Not included in a food category
Biscuit Gravy Mix,"Dips, gravies, other sauces"
Burger Seasoning,Not included in a food category
Seafood Seasoning,Other condiments
Garlic Pepper,Other condiments
Spaghetti Sauce,"Pasta sauces, tomato-based"
Onion Salt,Tomato-based condiments
Spicy Seasoning,Not included in a food category
Seasoned Pepper,Other condiments
Chicken Bacon,"Chicken bacon would fall under the category of ""Cold cuts and cured meats""."
Smoked Sausages,Sausages
Canned Clams,Seafood
Root Blend,Other vegetables and combinations
Turkey,Turkey - Poultry mixed dishes
Plant-Based Nuggets,Meat substitutes
Lamb Leg Steak,"Lamb, goat, game"
Frozen Cauliflower Wings,Vegetable dishes
Frozen Treat,Ice cream and frozen dairy desserts
Scalloped Potatoes,Other vegetables and combinations
Cheese Ravioli,"Pasta mixed dishes, excludes macaroni and cheese"
Frozen Vegetable,Other vegetables and combinations
Taco Meatless Mix,"Bean, pea, legume dishes"
Lamb Chop,"Lamb, goat, game"
Chocolate Creme Pie,Cakes and pies
Gelato,Ice cream and frozen dairy desserts
Lamb Breast,"Lamb, goat, game"
Nut Butter,Nuts and seeds
Frozen Dinner,Meat mixed dishes
Organic Thyme,Not included in a food category
Frozen Breakfast Sandwiches,Other sandwiches (single code)
Lamb Shank,
Kaiser Rolls,Rolls and buns
Orange Juice Drink,Other fruit juice
Cream Cheese Spread,Cream cheese
Salsa Con Queso,"Dips, gravies, other sauces"
Spinach Dip,"Dips, gravies, other sauces"
Orange Soda,Soft drinks
Pocky Sticks,Not included in a food category
Movie Theater Candy,Candy containing chocolate
Shrimp,Shellfish
Breakfast Sandwich,Egg/breakfast sandwiches
Frozen Fruit and Veggie Blends,Other fruits and fruit salads
Frozen Yogurt,"Yogurt, regular"
Meat Thermometer,Not included in a food category
Unicorn Cakes,Cakes and pies
Granola Clusters,"Ready-to-eat cereal, lower sugar (=<21.2g/100g)"
Gluten Free Pizza,Pizza
Cane Sugar,Sugars and honey
Taco Sauce,Tomato-based condiments
Cheese Spread,Cheese
Vegetable Oil,Salad dressings and vegetable oils
Ice Cream Cones,Ice cream and frozen dairy desserts
Worcestershire Sauce,
Butter Sticks,Butter and animal fats
Frozen Ravioli,"Pasta mixed dishes, excludes macaroni and cheese"
Cheese Dip,"Dips, gravies, other sauces"
Chicken Taquitos,Burritos and tacos
Black Eyed Peas,"Beans, peas, legumes"
Ice Cream Sandwich,"Doughnuts, sweet rolls, pastries"
Chocolate Muffins,Cakes and pies
Gluten Free Lasagna,"Pasta mixed dishes, excludes macaroni and cheese"
Gumbo,Other meat mixed dishes
Frozen Fruit Blend,Other fruits and fruit salads
Veggie Spirals,Vegetable dishes
Gluten-Free Pasta,"Pasta, noodles, cooked grains"
Nut Bars,Nutrition bars
Frozen Chicken Tenders,"Chicken patties, nuggets and tenders"
Gluten-Free Dinner Kit,Not included in a food category
Irish Cheese,Cheese
Frozen Lasagna,"Pasta mixed dishes, excludes macaroni and cheese"
Four Cheese Pizza,Pizza
Sirloin Steak,"Beef, excludes ground"
Sprouted Bread,Rolls and buns
Tomato,Tomato - Other vegetables and combinations
Swiss Cheese,Cheese
Red Onions,Other vegetables and combinations
Ground Chicken,"Chicken, ground"
Turkey Lunch Meat,Cold cuts and cured meats
Turkey Deli Meat,Cold cuts and cured meats
Chuck Roast,"Beef, excludes ground"
Lunch Meat,Cold cuts and cured meats
Chicken Wings,Poultry mixed dishes
Garlic,Not included in a food category
Beef Steak,
Tostadas,Other Mexican mixed dishes
Imitation Crab,
Bread Crumbs,Not included in a food category
Almond Butter,Nuts and seeds
Lemon Juice,Other fruit juice
Onion Dip,"Dips, gravies, other sauces"
Shredded Potatoes,Other vegetables and combinations
French Toast Sticks,Turnovers and other grain-based items
Hash Brown Patties,Potato dishes
Frozen Broccoli,Vegetables and combinations
Frozen Appetizers,Turnovers and other grain-based items
Garlic Texas Toast,Turnovers and other grain-based items
Seasoned Potatoes,Other vegetables and combinations
Frozen Sandwiches,Sandwiches
Chili Beans,"Bean, pea, legume dishes"
Provolone Cheese,Cheese
Turkey Lunchmeat,Cold cuts and cured meats
Onions,Other vegetables and combinations
Chorizo,Deli and cured meat sandwiches
Sweet Onion,Onions
Cheese Product,Cheese
Cheese Sauce,"Dips, gravies, other sauces"
Queso Dip,"Dips, gravies, other sauces"
Avocado Salsa,Other vegetables and combinations
Angel Food Cake,Cakes and pies
Chocolate Parfait Dessert,Pudding
Peach Cobbler,Cakes and pies
Sugar Free Pudding,Pudding
Soft Cheese,
Bean Dips,"Dips, gravies, other sauces"
Red Potatoes,Other starchy vegetables
Sausage Biscuits,Other sandwiches (single code)
Hash Browns,Other vegetables and combinations
Frozen Potatoes,Other starchy vegetables
Bottle,Bottled water
Energy Gel,Protein and nutritional powders
Chicken Thighs,"Chicken, whole pieces"
Frozen Green Beans,Other vegetables and combinations
Chili Powder,
Ground Pork Sausage,Pork
Beef Stew Meat,Meat mixed dishes
Mustard,"Mustard falls under the category of ""Mustard and other condiments""."
Cake,"Cakes fall under the category of ""Cakes and pies""."
Sandwich Buns,Rolls and buns
Oregano Leaves,Not included in a food category
Turkey Sausage Patties,Poultry mixed dishes
Microwaveable Rice Cups,Rice mixed dishes
Cannellini Beans,"Beans, peas, legumes"
Chicken Broth,Soups
Danish Pastry,"Doughnuts, sweet rolls, pastries"
Parsley,Not included in a food category
Rice,Rice - Rice mixed dishes
Chickpeas,"Beans, peas, legumes"
Twinkies,Cakes and pies
Bacon Pork Loin Filet,"Bacon - Cold cuts and cured meats
Pork Loin Filet - Pork"
Matcha Juice Drink,Nutritional beverages
Juice Blend,Other fruit juice
Aloe Vera Juice,Nutritional beverages
Cereal Bars,"Ready-to-eat cereal, lower sugar (=<21.2g/100g)"
Cereal Bar,
Organic Snack Waffle,Turnovers and other grain-based items
Garlic Knots,Turnovers and other grain-based items
Garbanzo Beans,"Beans, peas, legumes"
Boneless Chicken Breast,"Chicken, whole pieces"
Bratwurst,Sausages
Diced Ham,Deli and cured meat sandwiches
Granola Bar,Cereal bars
Energy Chews,Nutrition bars
Dandruff Shampoo,Not included in a food category
Nut Crunch Bars,Nutrition bars
Chipotle Sauce,"Dips, gravies, other sauces"
Tuna Pouch,Fish
Vegetable Broth,Soups
Beef Bratwurst,Sausages
Grilled Chicken,"Chicken, whole pieces"
Macaroni,"Pasta, noodles, cooked grains"
Cereal Treat Bars,Cereal bars
Green Chile Salsa,"Pasta sauces, tomato-based"
Smoked Ham Lunch Meat,Cold cuts and cured meats
Country Style Ribs,Pork
Ham Steak,Pork
Boneless Chicken Bites,"Chicken patties, nuggets and tenders"
Citrus Soda,Soft drinks
Vanilla Ice Cream,Ice cream and frozen dairy desserts
Egg Noodles,"Pasta, noodles, cooked grains"
Breakfast Snack Bars,Nutrition bars
Fiber Brownie,Cookies and brownies
Energy Bars,Nutrition bars
Fudge Pops,Ice cream and frozen dairy desserts
Pork Sausage Links,Pork
Power Waffles,"Pancakes, waffles, French toast"
Kosher Salt,Not included in a food category
Summer Sausage,Deli and cured meat sandwiches
Shrimp Scampi,Shellfish
Pork Sausage Patty,Pork
Tortellini Pasta,"Pasta mixed dishes, excludes macaroni and cheese"
Pepperoni Pizza,Pizza
Frozen Green Peppers,Other vegetables and combinations
Smoked Sausage Hot Dogs,Frankfurters
Frozen Asian Entre,Turnovers and other grain-based items
Yeast Rolls,Rolls and buns
Queso,Cheese
Oat Milk,Milk substitutes
Whole Chicken,"Chicken, whole pieces"
T-Bone Steak,"Beef, excludes ground"
Cake Mix,Cakes and pies
Frozen Okra,Other vegetables and combinations
Frozen Yogurt Bars,Ice cream and frozen dairy desserts
Baked Beans,"Beans, peas, legumes"
Breakfast Sandwiches,Other sandwiches (single code)
Cheese Sliders,Burgers
Fish Fillets,Fish
Turkey Breakfast Patties,"Chicken patties, nuggets and tenders"
Frozen Berries,Other fruits and fruit salads
Frozen Breakfast Sandwich,Egg/breakfast sandwiches
Frozen Kale,Vegetables and combinations
Potstickers,"Egg rolls, dumplings, sushi"
Popcorn Kernels,Not included in a food category
Peperoncini,Other vegetables and combinations
Freeze Dried Fruit Crisps,Dried fruits
Chicken Tenderloins,"Chicken, whole pieces"
Breaded Chicken Tenders,"Chicken patties, nuggets and tenders"
Garlic Powder,Other condiments
Frozen Pancakes,
White Rice,Rice mixed dishes
Jasmine Rice,Rice mixed dishes
Plant-Based Egg,Milk substitutes
Plant-Based Chicken Nuggets,"Chicken patties, nuggets and tenders"
Plant-Based Meat,Milk substitutes
Bakery Buns,Rolls and buns
Gumdrops,Candy not containing chocolate
Iced Espresso,Coffee
Salad Dressing Mix,Salad dressings and vegetable oils
Gluten Free Waffles,"Pancakes, waffles, French toast"
Coconut Flakes,Not included in a food category
Cheddar Cheese Sticks,Cheese
Bay Leaves,Not included in a food category
Stuffed Peppers,Vegetable dishes
Frozen Strawberries,Other fruits and fruit salads
Sausage Patties,Pork
Snacks,"Potato chips
Tortilla, corn, other chips
Popcorn
Pretzels/snack mix
Crackers, excludes saltines
Saltine crackers
Cereal bars
Nutrition bars
Cakes and pies
Cookies and brownies
Doughnuts, sweet rolls, pastries
Candy containing chocolate
Candy not containing chocolate
Ice cream and frozen dairy desserts
Pudding
Gelatins, ices, sorbets"
Banana Pudding Dessert,Pudding
Agave Nectar,Sugars and honey
Wagyu Beef Patties,Ground beef
Sausage Rolls,Turnovers and other grain-based items
Gluten Free Cookies,Cookies and brownies
Mexican Casserole,Meat mixed dishes
Peanut Butter Cups,Candy containing chocolate
Chicken Nuggets,"Chicken patties, nuggets and tenders"
Frozen Mango,Other fruits and fruit salads
Crunch Cake,Cakes and pies
Gluten-Free Bagels,Bagels and English muffins
Lemon Cookies,Cookies and brownies
Kefir,Milk substitutes
Boudin,Not included in a food category
Peppermint Patties,Candy not containing chocolate
Vegetable Chips,Potato chips
Gluten Free Crackers,"Crackers, excludes saltines"
Gummi Candy,Candy not containing chocolate
Greek Seasoning,Other condiments
Smoked Ribs,Pork
Smoked Salmon,Fish
Cheese Bread,Turnovers and other grain-based items
Frozen Blackberries,Other fruits and fruit salads
Frozen Wontons,Turnovers and other grain-based items
Frozen Mango Chunks,Other fruits and fruit salads
Lasagna,"Pasta mixed dishes, excludes macaroni and cheese"
Malt Beverage,Not included in a food category
Key Lime Pie,Cakes and pies
Frozen Pie,Cakes and pies
Gluten Free Meal,Not included in a food category
Plant-Based Soup,Soups
Frozen Dog Treats,Not included in a food category
Frozen Raspberries,Other fruits and fruit salads
Pound Cake,Cakes and pies
Chimichangas,Turnovers and other grain-based items
Frozen Cherries,Other fruits and fruit salads
Ribeye Steak,"Beef, excludes ground"
Cheese Enchiladas,Other Mexican mixed dishes
Protein Pancakes,"Pancakes, waffles, French toast"
Bone-in Ham,Pork
Raw Oysters,Shellfish
Protein Waffles,"Pancakes, waffles, French toast"
Frozen Cream Puffs,"Doughnuts, sweet rolls, pastries"
Crab Meat,Shellfish
Whole Duck,"Turkey, duck, other poultry"
Country Sausage,Pork
Plant-based Soup,Vegetable dishes
Coconut Milk Yogurt,"Yogurt, regular"
Coconut Cream,Cream and cream substitutes
Basmati Rice,Rice
Strawberry Jam,"Jams, syrups, toppings"
Burnt Ends Dip,"Dips, gravies, other sauces"
Picante Sauce,Tomato-based condiments
Pimiento Cheese,Cheese
Sugar Substitute,Sugar substitutes
Wagyu Beef,"Beef, excludes ground"
Golden Milk Powder,Milk substitutes
Fresh Oysters,Shellfish
Lamb Leg,"Lamb, goat, game"
Dried Basil,Not included in a food category
Potato Skins Snacks,Potato chips
Keto Bread,
Fudge Bars,Ice cream and frozen dairy desserts
Cheesy Ham & Potato Bake,Meat mixed dishes
Edamame Soybeans,"Beans, peas, legumes"
Spreadable Cheese,Cheese
Banana Cream Pie,Cakes and pies
Egg Rolls,"Egg rolls would fall under the category of ""Egg rolls, dumplings, sushi""."
Frozen Onions,Other vegetables and combinations
Pizza Snack Roll,Turnovers and other grain-based items
Guacamole Salsa,"Dips, gravies, other sauces"
Ghost Pepper Salsa,Salsa
Veggie Dip,"Dips, gravies, other sauces"
Sorbet,"Gelatins, ices, sorbets"
Chocolate Ice Cream,Ice cream and frozen dairy desserts
Frozen Food,Not included in a food category
Variety Pack,Not included in a food category
Thin Crust Pizza,Pizza
Collard Greens,Other vegetables and combinations
Chocolate Ding Dongs,Cakes and pies
Green Beans,"Beans, peas, legumes"
Macaron Assortment,Cakes and pies
Gluten Free Enchilada,Other Mexican mixed dishes
Blueberry Muffin Mix,"Biscuits, muffins, quick breads"
Gluten Free Wafer,Turnovers and other grain-based items
Pasta Sauce,"Pasta sauces, tomato-based"
Plant-Based Filets,Milk substitutes
Tofu Scramble,Milk substitutes
Shepherd's Pie,Meat mixed dishes
Stir Fry Sauce,Stir-fry and soy-based sauce mixtures
Gravy,"Dips, gravies, other sauces"
Steak Rolls,Meat mixed dishes
Donut Holes,"Doughnuts, sweet rolls, pastries"
Bagel,"Bagels fall under the category of ""Bagels and English muffins""."
Banana Nut Muffins,"Biscuits, muffins, quick breads"
Tzatziki Dip,"Dips, gravies, other sauces"
Tuna Salad,Deli and cured meat sandwiches
TV Dinner,Meat mixed dishes
Cornbread Bites,Turnovers and other grain-based items
Chicken Bites,"Chicken patties, nuggets and tenders"
Frozen Bananas,Other fruits and fruit salads
Donut Sticks,"Doughnuts, sweet rolls, pastries"
Garlic Herb Bread,Rolls and buns
Raisin Bread,Rolls and buns
Pork Neckbones,Pork
Multi Grain Bread,Rolls and buns
Brioche Hot Dog Buns,Rolls and buns
Snow Crab Legs,Shellfish
Veggie Bacon,Deli and cured meat sandwiches
Kielbasa,Sausages
Glazed Ham,Pork
Mahi-Mahi Fillets,Fish
Vegan Deli Slices,Milk substitutes
Sub Sandwich,Other sandwiches (single code)
Pepperoni,Deli and cured meat sandwiches
Party Tray,Not included in a food category
Caramel Syrup,"Jams, syrups, toppings"
Frozen Orange Juice,Other fruit juice
Croissant Sandwich,Other sandwiches (single code)
Butter Beans,"Beans, peas, legumes"
Cream Pie,Cakes and pies
Croissant Sandwiches,Other sandwiches (single code)
Frozen Biscuits,"Biscuits, muffins, quick breads"
Frozen Banana Dippers,Other fruits and fruit salads
Frozen Mushrooms,Other vegetables and combinations
Popcorn Snacks,Popcorn
Dill Weed,Not included in a food category
Coconut Aminos,Soy-based condiments
Curly Fries,
Microwave-Ready Potatoes,Other starchy vegetables
Freezer Pops,"Gelatins, ices, sorbets"
Steak Fries,French fries and other fried white potatoes
Beefless Ground,Milk substitutes
Butternut Squash Soup,Soups
Miso Broth,Soups
Dandelion Root,Not included in a food category
Pie Crusts,"Biscuits, muffins, quick breads"
Soup,Soups
Gluten Free Soup,Soups
Herbal Tea Supplement,Nutritional beverages
Frozen Dessert Bars,Ice cream and frozen dairy desserts
"Pancakes, Sausage Bites","Pancakes - Other grain-based items
Sausage Bites - Deli and cured meat sandwiches"
Tostada Bowls,Turnovers and other grain-based items
Yogurt Smoothie Drink,Smoothies and grain drinks
Cooking Oil,Salad dressings and vegetable oils
Cheese Variety Pack,Cheese
Beef Ravioli,"Pasta mixed dishes, excludes macaroni and cheese"
Sherbet Cup,Ice cream and frozen dairy desserts
Baked Bars,"Ready-to-eat cereal, lower sugar (=<21.2g/100g)"
Gluten Free Snack,Other snacks
Chocolate Bars,Candy containing chocolate
Yellow Onions,Onions
Spicy Ketchup,Tomato-based condiments
Sugar Free Ketchup,Tomato-based condiments
Fancy Ketchup,Tomato-based condiments
Tomato Paste,"Pasta sauces, tomato-based"
Half & Half,Cream and cream substitutes
Steel Cut Oats,Oatmeal
Frozen Chicken,"Chicken, whole pieces"
Vegetable Lasagna,"Pasta mixed dishes, excludes macaroni and cheese"
Frozen Snacks & Appetizers,"Turnovers and other grain-based items
Egg rolls, dumplings, sushi
Burritos and tacos
Nachos
Other Mexican mixed dishes"
Pie Shells,Bakery products
Frozen Dessert Bar,Ice cream and frozen dairy desserts
Frozen Cheese Burgers,Burgers
Coconut Cream Pie,Cakes and pies
Whipping Cream,Cream and cream substitutes
Salami,Cold cuts and cured meats
Bread Machine Yeast,Not included in a food category
Ground Cinnamon,Not included in a food category
Cayenne Pepper,Not included in a food category
Ravioli,"Pasta mixed dishes, excludes macaroni and cheese"
Raspberry Preserves,"Jams, syrups, toppings"
Shortening Sticks,Butter and animal fats
Organic Yogurt Pouches,"Yogurt, regular"
Double Chocolate Muffin,Cakes and pies
Popcorn Chicken,"Chicken patties, nuggets and tenders"
Pecan Spinwheels,Cookies and brownies
Dark Chocolate Dipped Fruit,Candy containing chocolate
Lasagne Pasta,"Pasta mixed dishes, excludes macaroni and cheese"
Butter Chicken,"Chicken, whole pieces"
Oats,Oatmeal
Cookie Dough,Cookies and brownies
Pizza Sauce,"Pasta sauces, tomato-based"
Pancake Mix,Pancake mix - Other grain-based items
Brown Rice Pasta,"Pasta mixed dishes, excludes macaroni and cheese"
Gluten Free Pretzels,Pretzels/snack mix
Chocolate Chip Muffins,"Biscuits, muffins, quick breads"
Protein Powder,Protein and nutritional powders
Ready to Eat Noodles,"Pasta, noodles, cooked grains"
Spinach Artichoke Dip,"Dips, gravies, other sauces"
Mousse,Not included in a food category
Cheesy Snacks,Turnovers and other grain-based items
Dill Seed,Not included in a food category
Zero Sugar Punch,Fruit drinks
Vegetable Medley,Vegetable dishes
Ground White Pepper,Other condiments
Bread Flour,Not included in a food category
Baby Cereal,
Shredded Beef,Meat mixed dishes
Watermelon Juice,Other fruit juice
Hominy,Other vegetables and combinations
Sriracha Sauce,Tomato-based condiments
Coconut Sugar,Sugars and honey
Rose Wine,Wine
Red Wine,Wine
Frozen Blueberries,Blueberries and other berries
Braunschweiger,Liver and organ meats
Seasoned Fries,French fries
Olive Oil Spray,Salad dressings and vegetable oils
Black Tea Bags,Tea
Italian Ice,"Gelatins, ices, sorbets"
Cabernet Sauvignon,Not included in a food category
Orange Peel,Other fruits and fruit salads
Plant Protein Powder,Protein and nutritional powders
Soy-Free Sauce,Soy-based condiments
Maca Powder,Not included in a food category
Blueberry Filling/Topping,"Jams, syrups, toppings"
Coconut Oil & Ghee,Butter and animal fats
Cookie Mix,Baking mixes
Miso Noodle Bowl,"Pasta mixed dishes, excludes macaroni and cheese"
Hard Rolls,Rolls and buns
Black Tea,Tea
Lemon Cake,Cakes and pies
Cheesecakes,Cakes and pies
Ramen Noodles,"Pasta mixed dishes, excludes macaroni and cheese"
Frozen Breakfast,"Ready-to-eat cereal, higher sugar (>21.2g/100g)
Ready-to-eat cereal, lower sugar (=<21.2g/100g)
Oatmeal
Grits and other cooked cereals
Pancakes, waffles, French toast
Doughnuts, sweet rolls, pastries"
Lemonade Juice Drink,Fruit drinks
Baby Carrots,Carrots
Pork Skins,Deli and cured meat sandwiches
Baby Yogurt,"Yogurt, regular"
Cacao Powder,Not included in a food category
Chicken Soup,Soups
Pesto Tortellini,"Pasta mixed dishes, excludes macaroni and cheese"
Sugar-Free Dipping Sauce,"Dips, gravies, other sauces"
Barbeque Sauce,"Dips, gravies, other sauces"
Buffalo Wing Sauce,"Dips, gravies, other sauces"
Chamoy Sauce,Other condiments
Spaghetti with Meat Sauce,"Pasta mixed dishes, excludes macaroni and cheese"
Marinara Sauce,"Pasta sauces, tomato-based"
Milk Chocolate with Almonds,Candy containing chocolate
Vegetable Juice,Vegetable dishes
Snack Variety Pack,Snack Variety Pack - Not included in a food category
Earl Grey Tea,Tea
Yogurt Pouch,"Yogurt, regular"
Red Pepper Flakes,Other condiments
Cookie Variety Pack,Cookies and brownies
Cherry Soda,Soft drinks
Parsley Flakes,Not included in a food category
Yogurt Cups,"Yogurt, regular"
Peanut Butter Spread,"Peanut butter spread falls under the category of ""Nut butters and spreads""."
Organic Raisins,Dried fruits
Potato Salad,"Coleslaw, non-lettuce salads"
Vanilla Wafers,Cookies and brownies
Instant Oatmeal,Oatmeal
Fish Sauce,Soy-based condiments
Granola Cereal,"Ready-to-eat cereal, lower sugar (=<21.2g/100g)"
Quinoa,Other grains and grain products
Olive Oil Cooking Spray,Salad dressings and vegetable oils
Canned Corn,Other vegetables and combinations
Vegetable Soup,Soups
Granulated Sugar,Sugars and honey
Cooking Spray,Salad dressings and vegetable oils
Coconut Flour,Other grain-based items
Multigrain Cereal,"Ready-to-eat cereal, lower sugar (=<21.2g/100g)"
Instant Brown Rice,Rice mixed dishes
Sparkling Wine,Wine
Aloe Vera Drink,Nutritional beverages
Ground Ginger,Other spices and seasonings
Lentil Soup,Soups
Rice Noodles,"Pasta, noodles, cooked grains"
Dried Fruit,Other fruits and fruit salads
Pitted Prunes,Dried fruits
Chicken Pot Pie,Turnovers and other grain-based items
Pinot Noir,Not included in a food category
Kale,Other vegetables and combinations
Dried Pineapple,Dried fruits
Freeze Dried Peach Crisps,Dried fruits
Dried Apricots,Other fruits and fruit salads
Freeze Dried Fruit,Dried fruits
Banana Chips,Potato chips
Dried Blueberries,Other fruits and fruit salads
Apple Chips,Potato chips
Cheddar Cheese Slices,Cheese
Chocolate Chip Waffles,"Pancakes, waffles, French toast"
Sweet Potato Fries,French fries and other fried white potatoes
Frozen Apple Juice,Apple juice
Waffle Bites,Other grain-based items
Frozen Lima Beans,"Beans, peas, legumes"
Diced Chicken Breast,"Chicken, whole pieces"
Gluten Free Risotto,Rice mixed dishes
Herbs de Provence,Not included in a food category
Ground Nutmeg,Spices
Marjoram,Not included in a food category
Toddler Food,"Baby food: cereals
Baby food: fruit
Baby food: vegetable
Baby food: meat and dinners
Baby food: yogurt
Baby food: snacks and sweets
Baby juice
Baby water
Formula, ready-to-feed
Formula, prepared from powder
Formula, prepared from concentrate
Human milk
Not included in a food category
Baby food: mixtures"
Rosemary Leaves,Herbs and spices
Ground Black Pepper,Not included in a food category
Ramen Broth,Soups
Caraway Seed,Not included in a food category
Okra,Other vegetables and combinations
Chicken Egg Rolls,"Egg rolls, dumplings, sushi"
Ground Sage,Not included in a food category
Ramen Noodle Bowl,"Pasta mixed dishes, excludes macaroni and cheese"
Maple Syrup,"Jams, syrups, toppings"
Cherry Fruit Filling,Other fruits and fruit salads
Yogurt Raisins,Candy not containing chocolate
All Purpose Flour,Not included in a food category
Spaghetti Pasta,"Pasta, noodles, cooked grains"
Diced Tomatoes,Other vegetables and combinations
Seasoned Tuna,Fish
Sprouted Whole Grain Bread,Rolls and buns
Corn Masa Flour,Other grains and flours
String Cheese,Cheese
Lentils,"Beans, peas, legumes"
Shortening,Butter and animal fats
Sesame Seeds,Nuts and seeds
Coconut Cooking Oil,Salad dressings and vegetable oils
Tarragon,Not included in a food category
Ghee,Butter and animal fats
Chicken Dipping Sauce,"Dips, gravies, other sauces"
Cracker Snacks,"Crackers, excludes saltines"
Honey,"Jams, syrups, toppings"
Protein Cookies,Cookies and brownies
Imitation Crab Legs,Seafood
Pringles Snack Stacks,Potato chips
Pretzel Twists,Pretzels/snack mix
Peanut Butter Pretzel,Pretzels/snack mix
Swai Fillets,Fish
Sunflower Butter,Nuts and seeds
Dairy-Free Cheese Slices,Milk substitutes
Romaine Lettuce,Lettuce and lettuce salads
Yellow Squash,Other vegetables and combinations
French Baguette,Turnovers and other grain-based items
Yogurt Tubes,"Yogurt, regular"
Mini Muffins,"Biscuits, muffins, quick breads"
Frozen Edamame,"Beans, peas, legumes"
Pizza Bagels,Turnovers and other grain-based items
Breadsticks,Turnovers and other grain-based items
Whipped Cream,Cream and cream substitutes
Waffles,"Pancakes, waffles, French toast"
Chicken Patties,Chicken patties - Poultry mixed dishes
Canned Yams,Other vegetables and combinations
Diet Soda,Diet soft drinks
Macaroni Salad,"Pasta mixed dishes, excludes macaroni and cheese"
Pico De Gallo,Other Mexican mixed dishes
Butter Buns,Rolls and buns
Rice Side Dish,Rice mixed dishes
Instant Yeast,Yeast breads
Wild Rice,Rice mixed dishes
Fruit Tray,Other fruits and fruit salads
Hot Honey,Condiments
Assorted Candy,Candy not containing chocolate
Granola Squares,Cereal bars
Peanut Butter Wafer Bars,Cereal bars
Nutrition Snack Bars,Nutrition bars
Rice Krispies Treats,Turnovers and other grain-based items
Fruit & Grain Bars,Cereal bars
Snack Waffle,"Pancakes, waffles, French toast"
Oatmeal Squares,"Ready-to-eat cereal, lower sugar (=<21.2g/100g)"
Marshmallow Squares,Cakes and pies
Pasta Salad,"Pasta mixed dishes, excludes macaroni and cheese"
Chardonnay,Wine
Wasabi Peas,"Beans, peas, legumes"
Pinot Grigio,Wine
Sugar Free Chocolate Candy,Candy not containing chocolate
Jerky Multipack,Cold cuts and cured meats
Cheese and Prosciutto Wrap,Deli and cured meat sandwiches
Breakfast Bars,Nutrition bars
Dark Chocolate Bar,Candy containing chocolate
Peanut Butter Dark Chocolate Bars,Candy containing chocolate
Keto Snack,Not included in a food category
Fruit & Nut Bars,Nutrition bars
Snack Waffles,"Pancakes, waffles, French toast"
Snack Bar,Nutrition bars
Fettuccine Pasta,"Pasta, noodles, cooked grains"
Beef & Cheese Multipack,Cheese sandwiches
Blueberry Waffles,"Pancakes, waffles, French toast"
Frozen Cauliflower,Vegetables and combinations
Flavored Popcorn,Popcorn
Popped-Corn Snack,Popcorn
Fruit Punch,Fruit drinks
Chicken Fajitas,Other Mexican mixed dishes
Coffee Cake,Cakes and pies
Snack Chips Variety Pack,Potato chips
Vodka Sauce,"Pasta sauces, tomato-based"
Frozen Sandwich,Sandwiches
Fruit Punch Juice,Fruit drinks
Enchilada Sauce,"Pasta sauces, tomato-based"
Pretzel Rods,Pretzels/snack mix
Canned Pears,Other fruits and fruit salads
Garlic Aioli,"Dips, gravies, other sauces"
Lager Beer,Beer
Ice Cream Variety Pack,Ice cream and frozen dairy desserts
Sweet Potatoes,Other red and orange vegetables
Protein Snacks,Nutrition bars
Cocktail Mixers,Not included in a food category
Lollipop Candy,Candy not containing chocolate
Cashew Milk Powder,Milk substitutes
Caramel Apple Pops,Candy not containing chocolate
Organic Pops,Other snacks
Candy Rolls,Candy not containing chocolate
Halloween Flag,Not included in a food category
Sugar Free Candy,Candy not containing chocolate
Fruit Chew Candy,Candy not containing chocolate
Fruit Slices,Other fruits and fruit salads
Chocolates,Candy containing chocolate
Toffee,Candy not containing chocolate
Caramel Candies,Candy not containing chocolate
Candy Canes,Not included in a food category
Candy Theater Box,Candy not containing chocolate
Hazelnut Bar,Candy not containing chocolate
Chocolate Confections,Candy containing chocolate
Sugar-Free Mints,Candy not containing chocolate
White Chocolate Candy Bar,Candy containing chocolate
Water Drops,Flavored or carbonated water
Jelly Candy,Candy not containing chocolate
Salt Water Taffy,Candy not containing chocolate
Peach Rings,Candy not containing chocolate
Dessert,"Cakes and pies
Cookies and brownies
Doughnuts, sweet rolls, pastries
Ice cream and frozen dairy desserts
Pudding
Gelatins, ices, sorbets"
Probiotic Water,Enhanced water
Drinking Chocolate,"Flavored milk, whole"
"Coffee Pods, Cappuccino",Coffee
Coffee K-Cups,Coffee
Infuser Bags,Not included in a food category
White Tea Bags,Tea
Espresso Capsules,Coffee
Flavored Coffee,Coffee
Coffee K Cups,Coffee
Maple Flavored Coffee,Coffee
Channa Masala,"Bean, pea, legume dishes"
Microwavable Entree,Meat mixed dishes
Yeast Extract,Not included in a food category
Pork Jerky,Cold cuts and cured meats
Tandoori Marinade,Other condiments
Indian Food,Not included in a food category
Indian Meal,Vegetable dishes
Keto Snack Mix,Pretzels/snack mix
Popped Sorghum,Not included in a food category
Vegetable Korma,Vegetable dishes
Fruit Bars,Nutrition bars
Pineapple Snacks,Other fruits and fruit salads
Banana Bites,Other fruits and fruit salads
Granola Minis,"Ready-to-eat cereal, lower sugar (=<21.2g/100g)"
Red Roses,Not included in a food category
Rainbow Roses,Not included in a food category
Flowers,Not included in a food category
Poultry Spice Blend,Not included in a food category
Black Peppercorns,Other condiments
Salt Grinder,Other condiments
Himalayan Salt,Not included in a food category
"Ketchup, Ranch Dressing","Tomato-based condiments, Salad dressings and vegetable oils"
Vegan Dressing,Salad dressings and vegetable oils
Veggie Ketchup,Tomato-based condiments
Keto Ketchup,Tomato-based condiments
Keto Bundle,Not included in a food category
Poppyseed Dressing,Salad dressings and vegetable oils
"Dried Cranberries, Candied Pecans",Other fruits and fruit salads
Raspberry Vinaigrette,Salad dressings and vegetable oils
"Mayonnaise, Mustard Sauce","Mayonnaise - Salad dressings and vegetable oils
Mustard Sauce - Mustard and other condiments"
Cappuccino Coffee Pods,Coffee
Seafood Spice Blend,Other condiments
Rock Candy,Candy not containing chocolate
Lollipop Rings,Candy not containing chocolate
Cactus Water,Flavored or carbonated water
Yerba Mate,Not included in a food category
Water,Bottled water
Super Tea,Not included in a food category
Mineral Drops,Not included in a food category
Vegetable Spice Blend,Not included in a food category
Fruit Pouches,Baby food: fruit
Herbal Coffee,Not included in a food category
Pimento Spread,"Dips, gravies, other sauces"
Chocolate Mix,Candy containing chocolate
Turkey Sausage Snack Bites,Processed soy products
Plant-Based Formula,Milk substitutes
Kids Shake,Milk shakes and other dairy drinks
Long Grain Rice,Rice
Green Chile Sauce,"Pasta sauces, tomato-based"
Himalayan Pink Salt,Not included in a food category
